Gene_Name,Extracted_SD_Region,log2FoldChange,regulation
PA3773,TGGTCCATGTGTTCTGAGGAGGCGCAGCCATGAG,-4.212750491,-1
PA2506,GACGAGCCAACCCGAGAGGTTTGCCATGAAGATC,-2.720020287,-1
pvcD,CACCTGGCCTACTGCGAGGCGATGGTCCAGCGCT,-2.347188501,-1
PA5460,GTCCCGGCGCATCATGAGGTTCCACACCCCGCCC,-2.316145979,-1
mdcC,CCGGTGGGTGGGCTGGGAGTCTCTGAGATGGAAA,-2.129390921,-1
mdcA,GACAGCGTGAAACCTGGAGCCGACATGACGACAC,-2.110930496,-1
PA3780,CCTGTCCGACTTTCCGGAGTACCTCCCATGCCGT,-2.088282419,-1
mdcD,GGTCCGCCTGCGCCTGGAGCAGGCACTGGAGGAG,-1.867453815,-1
mdcD,CCTGGAGCAGGCACTGGAGGAGGCTGGCCATGAC,-1.867453815,-1
mdcD,GAGCAGGCACTGGAGGAGGCTGGCCATGACTGAC,-1.867453815,-1
PA5155,CGGCCGTGGTTTCGTGAGGAACGAGCTATGAGCG,-1.857546761,-1
PA0209,CGCCGGCGCGTTTCAGGAGCTGGTGATGAACGCC,-1.805013923,-1
metE,CGCGCGGATGATCATGAGGGAAACTTGATTTCAT,-1.648719488,-1
metE,ATCGACCTTTCGACTGGAGGAACACCCATGGCCC,-1.648719488,-1
mdcE,CAGGGGCTGGGCCAAGGAGATGCAACATGAGCCA,-1.626896139,-1
PA0738,TGCCGATACCGAAACGAGGAGGTTCCCATGAGTC,-1.530000171,-1
PA2918,TCTCCACTCACCGCAGGAGAAACACCCCATGGTC,-1.50897878,-1
PA1051,GTGTCCGGTCCCGACGGAGCGAAAATGACCCGCC,-1.408701931,-1
PA1051,CACCCATAACAACAAGGAGGCGGCTCATGACCCT,-1.408701931,-1
PA5026,TGGGATCCCCGACATGGAGAGCGCCATGCCACTG,-1.3831052,-1
PA3714,AATTCGAGCCCGTCCGGAGCTGCCTCCTGGCGGA,-1.33908881,-1
PA0529,CTGGAAAATCGAAATGGAGTGGGTCCCGCGTGAG,-1.321317853,-1
PA0529,GAGTGGGTCCCGCGTGAGGCACTAGTCTAGCTGC,-1.321317853,-1
PA0529,ACATCGGGTGGTCGCGGAGCAATGGAGCAGATAG,-1.321317853,-1
PA0107,CCCTGGGACGGCGCCGAGGGCCTGGAGTGGAGCA,-1.269981775,-1
PA0107,CGGCGCCGAGGGCCTGGAGTGGAGCATCCCCTCG,-1.269981775,-1
PA0107,CCGAGGGCCTGGAGTGGAGCATCCCCTCGCCGGC,-1.269981775,-1
PA0107,TTCAGCACCCCGCCCGAGGTCAAGTGAGGAGCGC,-1.269981775,-1
PA0107,CGCCCGAGGTCAAGTGAGGAGCGCGTCATGAGCG,-1.269981775,-1
nalC,CTCAGCAAACCGCCTGGAGGCTTGAACGGACCGT,-1.240231085,-1
nalC,CGACCGCCACCCCGCGAGGCCCGATACCGCTCAT,-1.240231085,-1
PA3920,TTCTGTCCATTCCAAGGAGGACTCATGAACAGCG,-1.226131829,-1
cyoA,CCACAAGCCTTGCAAGGAGACATCCATGAGCGAC,-1.219138723,-1
PA0111,TGTGCGCCGCGCACGGGAGAAAAACCATGAGTCT,-1.191311123,-1
arcD,TCTCAATTCCTATAGGGAGATTCCGAAAATGTCC,-1.165727456,-1
coxB,GCCTTGCTGTGTGCCGAGGTGCGACGGTCAAAGT,-1.117848144,-1
PA0530,AAAGCGTCGGCTGCTGGAGCAGGGGCCACAGGGC,-1.112360609,-1
PA0530,GCGCCTGCTGGCGGTGGAGTACATGACCGAGGAA,-1.112360609,-1
PA0530,GTGGAGTACATGACCGAGGAACTGAAAGATGGCT,-1.112360609,-1
PA4610,CTGATGGCCGGACAAGGAGACTTCCATGCGCACA,-1.098134593,-1
coIII,GTTGCGGGACGATAAGGAGAACAACATGGCAAGC,-1.079519385,-1
coxA,GCAGAAACAACAATAGGAGACCGCCATGAGTGCT,-1.066527939,-1
PA3331,CGCCCCGGCGGCGAAGGAGGAGCAACGTGCCTGA,-1.055861051,-1
PA0112,GGTTCCCGGCCCGATGAGGACAGAACGACAAGAA,-1.045723675,-1
PA3332,CGCCAACCCGATCGAGAGGATCGCCCAATGAATG,-1.041986287,-1
PA4139,CCGATGTTTATGCGAGAGGGCCGGCTATCGCTCA,-1.039235601,-1
PA2753,TGGGACAGCCGTCCCGAGGCCGGCGAAGCATACC,-1.021542923,-1
PA2753,CCGGTTATCCGAAAAGGAGGCAGGCCATGTTCAT,-1.021542923,-1
PA4571,GAATGGACCGTGGCCGAGGGGACCGCCCCAGGCC,-1.012297166,-1
PA4571,CCTACGCCTAAGGATGAGGAAATGCCTGCTTCTT,-1.012297166,-1
PA3839,TCCGCGGCGAAGCGGGGAGGCGCCGTCGACCTGC,-0.998698659,0
arcA,TCTGATTACTCCACTGGAGACGTGAAATGAGCAC,-0.995514455,0
PA3330,CAACGATCCGCCCTCGAGGAGCAATGACATGTTA,-0.992349757,0
PA0214,CTGCGCGAATGGGCCGAGGGTCGGCCCCGGGTGC,-0.983132236,0
PA0214,CTGGCGAAAGGCAGCGAGGCGCCGCTGTTGCTGG,-0.983132236,0
PA0214,CCCCTGGCGGATCGCGGAGGTCGAGGCATGAGCG,-0.983132236,0
PA0214,CGGATCGCGGAGGTCGAGGCATGAGCGTGCTGTT,-0.983132236,0
PA1196,TTTTCCTGGTTTTCCGAGGGCTTGGTTGATCCAC,-0.982221098,0
PA1196,GACATCCGGGAAACCGAGGGGGAGAGCATGGCGC,-0.982221098,0
PA1196,CCGGGAAACCGAGGGGGAGAGCATGGCGCTTGTC,-0.982221098,0
fabH2,CCGCTGCGGCACCTCGAGGCCCTGGGCGGGGTCG,-0.973957127,0
fabH2,GCCCTGGGCGGGGTCGAGGCCGCCGCCAAGATCG,-0.973957127,0
fabH2,GCCAAGATCGTCCAGGGAGCCTGAGCCATGCCGC,-0.973957127,0
PA5027,GCGTAGCCATCCCACGGAGTCCGCCATGATCCGC,-0.965475086,0
PA3329,CTTCCGCTTCGCTCCGGAGCGAACCTTCGCCCGG,-0.945091757,0
PA3329,GCACTGACCTTCCCAGGAGTCGAATGATGGCCGA,-0.945091757,0
PA2264,CCGTGATGATCCAGAGAGGACCCCACCATGCCCG,-0.944815949,0
moaA2,CATTTCCCGGTATTTGGAGTATTCGTTAGGGGTA,-0.937262695,0
PA1060,CGGCTGCCTATACTGGGAGTCCTTTTTCCGGCGC,-0.933013418,0
PA1060,CGCGGCGCCCGTGGTGGAGATTCCCTTGACTCGG,-0.933013418,0
PA2090,GCCTACACCTTCTAAGGAGGACGAACCATGAGCA,-0.923533569,0
PA0506,CCGGCAAGGCGACCGGGAGCGATCCCGCACTGCG,-0.915830522,0
PA0506,CCAGAACCCTTCGTAGAGGTTGACTGCTATGCCT,-0.915830522,0
PA0103,TGGAAAAAATTCGCAGGAGAACTGTGCCATGCAT,-0.90780153,0
acsA,CAACACTCACGTACCGAGGTTAAAGCCATGTCTG,-0.907395242,0
PA0213,GGCGCGGCCAACCGCGAGGCGTCGGCGCGGGTGC,-0.899725971,0
PA0213,GCAGTGGTGAATTCAGGAGCGAGCCGTGGTCATC,-0.899725971,0
atuG,CGGCAGGTGCTGGTCGAGGTGGAAGCCGACGCCT,-0.873415079,0
atuG,CAACGACAAGAAAACGGAGACGCCCATGTCACTG,-0.873415079,0
PA1076,TTCCGATTCCCACCAGGAGATTCGTCATGTTCGA,-0.867173343,0
PA2805,CTTTCGGCGCCCGCCGGAGGTCCACCGAAGACTT,-0.865953879,0
PA2805,GAAGACTTGTACGTCGAGGGAAATACCATGCCGA,-0.865953879,0
PA0113,GACAGACAGAAGGATGGAGGTAAGGATATGGCCA,-0.865523534,0
PA3327,TGGAACCTGTCCGGCGAGGCGTGCGGTGCCCGTG,-0.817738448,0
PA3327,CGATGGATTGTTGAAGAGGACGCAGGGATGGTTC,-0.817738448,0
PA3740,AACGAAGCCCACGAAGAGGATGATTGCATCTAGC,-0.814097845,0
PA5530,AGACAACAACGAAAAGAGGAAACACGATGGAAAG,-0.810747637,0
rpsT,CCCTTGACAACCCCTGGAGGCGACGGCATTATTC,-0.808886597,0
rpsT,TACCCAGTTTTTTTCGAGGAGCTCGACGGTGGCC,-0.808886597,0
PA3335,AGAGCGAGATTCGCTGGAGGAAGAGGTGAGTCAG,-0.806208089,0
sodB,CGCCAGTCCTGACCTGAGGAAGAATAGGAGAGAC,-0.795274228,0
sodB,ACCTGAGGAAGAATAGGAGAGACACCATGGCTTT,-0.795274228,0
PA2953,CGTGAGCCTTGAGTAGGAGATCGATAGTGGAACG,-0.792010419,0
narL,ACCCTCCGCCGCCAAGGAGCCGACCCCATGACGG,-0.791366036,0
thrB,GCTGATTCCACAATGGGAGATCTTCAGCTGGTGA,-0.784756063,0
thrB,CATTTCCAACCTGGCGAGGCCGCGCTGACATGTC,-0.784756063,0
vgrG1,CACTACGACTTCGCCGAGGCCGAGTGACAACCGG,-0.76813587,0
cyoB,GCAACCGAGTACCCAGGAGTAAGCGCAGATGTTC,-0.762830021,0
PA3840,ATTGTGACCGGGCCAGGAGCGCGCCGCTCGGCAG,-0.757470404,0
PA0689,TAGGCGAATCGATACGAGGACCGGCAGCCCTATG,-0.752560852,0
PA0689,CTTGTGGGGAACCCAGGAGGTTTTCATGCTCAAG,-0.752560852,0
PA0596,AACGGCTAGGGCCGTGGAGAACCCCGTAAATGTC,-0.750350057,0
htpX,CCCGCATGATTATCAGGAGCCCGTTCGCCCGCCC,-0.744506879,0
htpX,CGTGCCTTCAGCCGTGAGGAGAAGCTTTACACCA,-0.744506879,0
PA5494,ACCGTCCACCAGGACGAGGGGCGCTTGGCTCATG,-0.733280112,0
PA5494,GGGCGCTTGGCTCATGAGGGGAATCAACCTTTTC,-0.733280112,0
PA5494,GAATCAACCTTTTCCGGAGACCAGGGCGTGTAGA,-0.733280112,0
PA5494,GGACGATTCGATAAAGGAGCAAGGTTACCATGCG,-0.733280112,0
PA2567,CATCGCAGTAGCCCAGGAGTCCAGCATGGCAACC,-0.73032626,0
PA2820,GAAAATTCTTACAGCGGAGTCCCAAGGTGTCGCC,-0.72879585,0
PA1762,CGCGAAGACCTCGCCGAGGCATCGGCGGGGTCTT,-0.728491678,0
PA1762,GGTCTTTCTCCGAAAGAGGTACGACGGGGCGATG,-0.728491678,0
hslV,TCGGCCCCGCAGTGTGGAGATTTCCCCCTTGACC,-0.725561859,0
arnC,GTCGCCCGCGCCATCGAGGAGATCCTGGAGAAAC,-0.725234583,0
arnC,CATCGAGGAGATCCTGGAGAAACGTCGATGAAGC,-0.725234583,0
PA2266,CGCTGGTGCAGGCATGAGGAGCGCAACGATGAAA,-0.717519912,0
PA4504,TTCGCCACCAACGCTGAGGAGCGAGCCGATGAAC,-0.708266908,0
PA4108,TCTCGGCTACCGTTAGGAGACAGCCACCTGGCCC,-0.706699262,0
PA4108,ACCTGGCCCAGTCTCGAGGTCGAGCCCATCGTGC,-0.706699262,0
PA2265,GGCGATTTCCGGCGAGAGGGGTTGAACATGGCGA,-0.70361297,0
PA5229,CGTATATCTACGAAAGAGGAGCAAAGTTCATGCC,-0.692197321,0
PA0119,ATCGCCCGCCTCCGCGAGGCCCGATGGAAGCGCC,-0.679563921,0
nuoA,ATATCCGGTACAGAAGGAGTATCAGCATGCCAAA,-0.671352478,0
PA2323,TCATCCACGTCATTCGAGGACCCGCCATGACCGC,-0.667444192,0
PA1618,TGGGTGGAACGCCGCGAGGCCGTGCTCTGGCACG,-0.6667417,0
clpV1,GCCGCACGAGCACAAGGAGAAGGAACATGAGTGA,-0.658820632,0
PA3336,CGTCTGAACCGCTCGGGAGCTGGAAACATGCCTT,-0.658093615,0
PA4140,GCCTCCACCGTCGCCGGAGACCCGGACGCCCCCG,-0.657884349,0
PA4140,CCAGCGCCCCGATCAGGAGAACCGCCATGCACGA,-0.657884349,0
aceE,GCCGGGTACACCCCCGGAGAACATCCAAGAATTA,-0.657771085,0
aceE,GCTGCGGTCGCCCACGAGGCCGGCCGCTCACCTA,-0.657771085,0
aceE,AAGCCTTTCCGCCCTGGAGCAAGCCATGCAAGAC,-0.657771085,0
aotQ,TGCATTAGCTGCATAGAGGTACCGTTTTGATGAT,-0.641931641,0
pncB1,CGCCGGCGCCGACAAGGAGAAGTGAACATGGCCG,-0.641090983,0
PA3688,GGAAGTGCCCGCACCGAGGCACGGCCCCACGAGG,-0.638995028,0
PA3688,GAGGCACGGCCCCACGAGGGCCCCCCAGCACGCC,-0.638995028,0
PA3688,CACGACCGGGCTGAAGAGGTCAGCATGAAGATCC,-0.638995028,0
adhA,GTCGCGGCGCGCTCCGAGGGAGCGGCGGCCGCGC,-0.6349547,0
adhA,CTCAGCCCCGTCCAAGGAGATGACCATGACCCTG,-0.6349547,0
PA2229,GTTATCGACGCATCCGGAGGGTCTGGCGGCTTGA,-0.6346291,0
PA3451,TTGGCCCGCTATCCAGGAGTCGCCGTCATGTTGG,-0.632334352,0
PA2758,TCAGATCTGCTGATAGGAGAATTGCCATGAACTT,-0.62867066,0
PA4497,CGCCCCGCCACGAGCGAGGCGGCGCCTCTCCCCG,-0.619895661,0
PA4497,GGCCGTCCCGCTCCAGAGGAGTCATCCATGCGAC,-0.619895661,0
bkdA2,GCCGCCAGCATGTTCGAGGACGTCTATGCAGAAC,-0.608996901,0
bkdA2,CTATGCAGAACTGCCGGAGCACCTGCGCCGGCAA,-0.608996901,0
bkdA2,GCGCCGGCAACGCCAGGAGCTCGGGGTATGAATG,-0.608996901,0
PA3535,AGACCAATAAAGCGTGGAGACCGCATGACCGACG,-0.608932532,0
PA4998,TGCTGAAAAGGTCCCGGAGTGTAGCACAGGACCT,-0.604588081,0
PA4998,CGGGCCGTTCGTTCAGGAGCTCGCATGCGAGTCA,-0.604588081,0
PA0436,CCGAAGCGTCGCTGAGAGGGGCTACCTGGCAAGA,-0.599774656,0
ccpR,TGTAACGCCTGATAAGGAGAAAAAAAGATGCAGT,-0.593584252,0
dctA,GCGAAGCGCCCCCGTGAGGACTCTGCCCATGACC,-0.593314797,0
cyoE,TGATGCCGATGCCCTGAGGGCCATGACGTGAAGC,-0.591774945,0
PA2799,CATCGCCCCGACCATGAGGATCAGCCCATGCAGC,-0.590569198,0
atuD,CTCTCCCTGAAGGAAGAGGGTTGGGAGAGAGCAA,-0.588787242,0
atuD,GAAGGAAGAGGGTTGGGAGAGAGCAAGCGGATCC,-0.588787242,0
atuD,AAACAATGATGCCCAGGAGGAAAGACAACCCATG,-0.588787242,0
hslU,CAGAACCTGACCATCGAGGAGCTGGACAGCGCCG,-0.579116779,0
hslU,CGCTCGTCCCCCGCTGGAGTAAACGAATGTCCAT,-0.579116779,0
PA3334,CGACAATGGACTGAAGAGGGAAGAACAATGCCCA,-0.573236187,0
nadE,CTTTCGCACCTAACGGGAGCCCGAACATGCAACA,-0.572258687,0
PA0856,GATAGTAGACGGCATGGAGCGGCGGGCGCCGGAT,-0.570035085,0
hcp1,CTGCCTTCGGCCAAAGAGGCCTGAGGCATTCAAC,-0.561357619,0
hcp1,CGGCCAAAGAGGCCTGAGGCATTCAACGACAGCG,-0.561357619,0
hcp1,GGCGCGAGCCACACGGGAGGAAAGATGGCTGTTG,-0.561357619,0
PA4657,CGCTACACAACCAGAGAGGCATGTCATGAGCGTC,-0.560812161,0
capB,ATCAACTTTGTTTCAGGAGTTACACCATGTCGAA,-0.560718961,0
PA2588,TAGCATCGCGTGCAAGAGGTAACCGATGAGCCCG,-0.558525986,0
PA0201,GTGATGAATTTTTCTGGAGGGTTCTCCATGCACA,-0.542226113,0
glpK,CGCCGAAGCCGAGCCGGAGAAGGTTCGCGCTTCC,-0.540818173,0
PA2262,ACCGCGAGCGCCGCAGGAGCGCCTGAACCCGCCG,-0.540247433,0
PA2262,AACAAGACAAGCTCAGGAGATACCCGACCATGAC,-0.540247433,0
metR,GCGCTCTGCGGGATCGAGGCCATCGCTTGTCGAC,-0.539595435,0
metR,AGTTTTGCTCATACAGAGGCCGCCATGCTCGAAC,-0.539595435,0
glnA,AACTTGCTCACTTGTGAGGCAGGTTGCCCTGGCG,-0.537589251,0
glnA,GCAGGTTGCCCTGGCGGAGTATTCCGGCCGGCAT,-0.537589251,0
glnA,GCTCTAATCCCTCCTGGAGGACAGCATGTCGTAC,-0.537589251,0
argS,CCGCGCACATCGCGGGGAGTGAACTTCGGAGCGC,-0.537238766,0
argS,CGGGGAGTGAACTTCGGAGCGCCGCATCCGCCGG,-0.537238766,0
argS,TCTGCCCGCGAGCACGGAGAGAACGATGAAAGAC,-0.537238766,0
PA1429,TCTGTTCATCAGAACGAGGCGCAGGAATCCCATG,-0.533839852,0
PA0082,CCTACAAGATCCGACGGAGTGGATCTTACAAGCG,-0.525992913,0
PA0082,CTTACAAGCGAAGGTGAGGGCCGCGCAGCGGCTT,-0.525992913,0
PA0082,CGGCTTCGATGATAGGGAGATCGTCACCGTGCTG,-0.525992913,0
oprG,TCTAATACAAGGAATGGAGCTCATCATGCGTAAG,-0.523116569,0
PA1559,AACCACCCTCGCATCGAGGCGTGGGCGACTGACT,-0.52223041,0
PA1559,GCGACTGACTTCTCTGAGGGGGGAAGACATGAAC,-0.52223041,0
PA0833,GCGTTTCAGTACCTCGAGGAGTAGTTTTCCCATG,-0.51592253,0
PA4506,CTGTCCCTATGCTCAGGAGCATTGCCGCCAGGAG,-0.515679793,0
PA4506,GGAGCATTGCCGCCAGGAGCGGCCGGCCTTGGAG,-0.515679793,0
PA4506,GGAGCGGCCGGCCTTGGAGACGCACGAGCGCGGC,-0.515679793,0
PA4506,TTGAACCTGCTGAACGAGGTGGCCTGATGGAAAC,-0.515679793,0
PA1062,CTGGAACCCCTGGTCGAGGCGCTGGCTGCCTGCA,-0.504620493,0
PA1062,TGGCTGGACTTTGAAGGAGTGGATATGCACCGTT,-0.504620493,0
PA3978,GTAAAGACTTTGTAAGGAGGCGTCGGCTTATTTC,-0.504092766,0
PA3978,CTTATTTCATAATGTGAGGGTCAGCGCATTTCGT,-0.504092766,0
PA3978,GCCCGCCCCGATCCAGGAGGTGTCTTCCCCTCAT,-0.504092766,0
aceF,TGGTGGCACGTAAAAGGAGAGGAATGTGAGCGAA,-0.494305746,0
PA3070,CATCCGCCGCAGAGCGGAGCCTTCTCCCCGCCCG,-0.490928716,0
PA2263,CCCCTGACCGACTCCGGAGCATCCGATGAAGAAA,-0.489816838,0
PA4918,CCCAACCCGTCAAGCGGAGGCTTCCATGAATCGC,-0.486011156,0
hitB,CCGGCCGATCTGGGTGAGGCCAGCGAGGCCCTCA,-0.484261737,0
hitB,CTGGGTGAGGCCAGCGAGGCCCTCAGCCTCGAAC,-0.484261737,0
znuC,CGGGCCATCGTCGCCGGAGCGAACAGCGTCGGCT,-0.483940184,0
znuC,GAAAGCCAGACCGTCGAGGTGGTCGGCCTCTGCG,-0.483940184,0
sigX,CGAGCGTGCGCACTCGGAGCTGTTCCACGTGACG,-0.483330605,0
PA0876,AAGCGTCAGAGCCTAGAGGGCCGTGATGGATATC,-0.482524027,0
pilI,GTTCTGAGCCGTCATGGAGGATCACATGCCCAGT,-0.479710682,0
PA5335,CCCCACACGACTATCGAGGTAGACCCATGGTGCA,-0.478376541,0
PA3614,CGACAGAGCTCTGACGGAGGAGGCTCGATGGCAT,-0.477817179,0
PA3614,AGAGCTCTGACGGAGGAGGCTCGATGGCATCACT,-0.477817179,0
nuoB,CGAAGCTAAAACAATGAGGCTTTGGCGATGCAAT,-0.477487623,0
PA1729,CTTCAGACTGGGGAAGGAGGTAAGCCATGAGCGA,-0.471867807,0
PA3662,CTACCGCGGAATCGCGGAGCAGCGGCCCATGAGG,-0.470361792,0
PA3933,GATCAAATTAAGGACGAGGAGACCAGCCTGTTTT,-0.470049147,0
PA4027,CTTCCGCGAAGACCAGGAGTTCAAGAACTACACC,-0.468352939,0
PA4027,CGATCGCTCAGAGCAGAGGCATCCATGGGTTCGC,-0.468352939,0
PA5167,GTTCGGCCACGCCGAGAGGACACCCGTCCTCTTC,-0.467525369,0
PA5167,ACAGACAAGAACAAAGAGGAAGTCTCATGCTCAA,-0.467525369,0
hitA,ATTTGTAACCCACGGGGAGAATCCATGCCTGTTC,-0.443860261,0
PA5505,AGGAACACCTCGAAAGGAGTTGAAGATGAAAAAA,-0.441644656,0
chpA,GCGAAGTGGTCGACTGGAGCCATCCGGAGCTCGA,-0.441252334,0
chpA,CGACTGGAGCCATCCGGAGCTCGAGCCGGTCGCC,-0.441252334,0
chpA,CTCAGGCACATGAATGGAGTGGCTATGGGTGACC,-0.441252334,0
nuoH,CGTGGAAGGTCTGCAGGAGGCTGCACAATGAGTT,-0.434608,0
flgM,GCGTCCAATACCTTCGAGGTTTACAACCATGGTC,-0.427989744,0
sucA,CCGATGTCGCTGCCTGAGGACTTCGGAGCCTTCA,-0.426199334,0
sucA,CTGCCTGAGGACTTCGGAGCCTTCAAGGTTTCGC,-0.426199334,0
sucA,GGTTGTCCCCTTACCGAGGGTGACCTAGCATGCA,-0.426199334,0
PA3017,GAATGCGACCACGGCGGAGCAGCTTTTTGCCCAG,-0.405188399,0
PA3017,CACTATCCCCTTCTGGGAGGAGACGTTCATGCCC,-0.405188399,0
PA1737,GCTGCTCGACGAACTGGAGCGGCGCAACCTGCGC,-0.403457092,0
PA1737,CGAGCGCGTGTGAAGGGAGAACCGGAATGACTGA,-0.403457092,0
PA0729,AAGCTCGCCTTTCCAGGAGGTTCGCTCAGCCAGA,-0.402080831,0
PA0729,GCTCAGCCAGAATAAGGAGGTTTAATGTCCCCGG,-0.402080831,0
clpP,GGCTTGTGCGTCTTTGAGGCTTCACTATCTGTTA,-0.382064078,0
clpP,TTCACTATCTGTTAGGGAGTGATCGCAAGACATG,-0.382064078,0
PA0838,TCGCTGAATGCGCAAGGAGTACGTCATGAGTGCC,-0.36413534,0
sucD,AGTCGTCAAGGCCGCGGAGGGTAAGTAATGAGCG,-0.360096044,0
PA1031,AAGGGCCAGCCTGGCGGAGCGCGAGATAGCCTTG,0.366735714,0
PA1103,GGCGGCAAGGGTGGCGAGGAGATGATCTGAGGTG,0.375772031,0
lasI,TTCAGCTTCCTATTTGGAGGAAGTGAAGATGATC,0.398859908,0
PA2405,TCCATTCCCCTGGCCGAGGCATCCCCCGCCACCG,0.400447683,0
PA2405,CCTGGCTGAACAAACGAGGTAAGCAATGAGCATC,0.400447683,0
PA1825,CCTCGCTGGCCGTCGGGAGGAGGGGTGCGCATAA,0.413720868,0
PA1825,GCTGGCCGTCGGGAGGAGGGGTGCGCATAATGCC,0.413720868,0
exsD,AGCGCGCAATGTAGTGAGGAAGCCAAGGCAGAGA,0.41908916,0
PA4495,TCAGCCTTAGTACAAGGAGTTGCCCAATGTCTGC,0.421810671,0
PA3461,TTCCCCCTCAGCCGCGAGGTGCCTTCATGACCCC,0.422548642,0
PA0543,CGCCCCGGGGTCTCTGGAGAAGGGCCATGGTTCG,0.4248406,0
PA0543,AAGACACCGAGAACGGGAGAACCGCGATGCGTAC,0.4248406,0
PA1089,CCTGCGATTCTCGAAGAGGACTGCCTGTTCGCCG,0.429721976,0
PA1089,GCTGGAAAAGCGTGTGGAGACCCGCCAGTACTTC,0.429721976,0
PA3460,CAGGGGCCCGAACCAGGAGCGATCATGAAAGGCC,0.43432227,0
nirQ,CTAATCCCTAGCGCAGGAGTAGGACATGCGGGAC,0.436185985,0
PA1348,TGGAAGAAAGATGGCGAGGCGAGTGCGTGCCGGG,0.449673594,0
PA1458,AGTAACACGTCTCTGGGAGCAGCCGAATGAGCTT,0.451581261,0
oprH,CGACTCTCGCAGAACGGAGAAACACCATGAAAGC,0.453764323,0
flgJ,ACCTGATCGTGATTTGAGGACGACGCCATGGATT,0.457825079,0
popD,ATTCCAGGAAATCATGGAGCGGATCTTCGCCATG,0.458782881,0
popD,GACCGGCAGCGATCTGAGGAGACGTCACATGATC,0.458782881,0
PA3795,ATTCCGCACCCGCCGGGAGTCACAGCAAGACGTG,0.467310175,0
PA3795,ACAGGACCGCACTCAGGAGGGATGACGCATGACC,0.467310175,0
PA0460,CGTTCGATATCTCATGAGGAATTGCCGATGCGCG,0.467393869,0
PA2408,AGCGCCGGCAAGTACGAGGAAGAAATGGCGCGCA,0.470480415,0
PA2408,GGTCCGCGCCATCCAGGAGTCCGGCGCATGACCG,0.470480415,0
PA1245,CGAGACAACTCAATCGAGGAACAGAAGATGGGAT,0.479645194,0
pvdE,CTACCGGCCCAGCCGGGAGCGGCCATGGAACGAT,0.482362353,0
PA3691,CAGGAAGAAAAGACCGGAGGGCCGGAAACGCGCC,0.482829053,0
PA3691,TCAGCATCCCTGTCAGAGGAAATTTCCCATGGAG,0.482829053,0
PA1441,TGGCGAGCGTTTCACGGAGGCTCTCGGCGAAGTT,0.485832656,0
PA1441,AATCCCTTCGCAAATGGAGAATTCCCATGGCCGT,0.485832656,0
coaB,GTAAAGCCAAGTAGAGAGGAAACACCATGAAAGC,0.486746553,0
flgK,CTCTGGGTTGAGCAAGGAGGAACTGACCCATGTC,0.491746346,0
PA0791,ACATGGCGGGTTTCCGGAGCGAGAGCGGAAGGCC,0.496248903,0
PA0791,GCTGGCCCGCTTCGCGAGGTTGGCCAATACTATT,0.496248903,0
PA3459,ACCCACTTCCCCAACGGAGAACCGGTAAGGAATA,0.497757692,0
rmf,TAACAGTCAACAAGTGAGGGCAACACCCTATGAG,0.506402023,0
pirA,CGTTTTCCCTCGACAGGAGTAGTCACGCATGTAC,0.508052883,0
PA2815,GCCTGGCGTCTTCATGGAGGATTCCGCATGTTGT,0.509356267,0
PA1323,CAAGTCATTTTTCAGGGAGCCTCTTCGATGGCAC,0.510052105,0
PA1088,GCCCTGTAGGGGCGCGGAGTCGACAGCAGGCTAC,0.510287501,0
flhF,GGGACAGAACTGAACGAGGGCTGCGCCGGCTCCA,0.515222011,0
flhF,CACACCGGGCAACCTGAGGTTGCCGGCAAGACTA,0.515222011,0
flhF,CAAGACTACTGAACTGAGGGGTTCGGGCAATGCA,0.515222011,0
phaC2,CTGTGGTCCTACGACGGAGTGTGGTCCATGCGAG,0.515378338,0
PA4786,TCCACCTTCAGCCTTGGAGCCTTTCCACCGGGAG,0.517788365,0
PA4786,GGAGCCTTTCCACCGGGAGCCCGTTCCATGACCG,0.517788365,0
PA1263,GATGCAGAGCCCGGCGAGGCCGAGCCGCGACGAC,0.520660613,0
PA1263,GTGCTGGGCATGGGCGGAGTCCTTGTGCGGAAGG,0.520660613,0
PA1263,GTCCTTGTGCGGAAGGGAGTGGGCTGGCAGCATG,0.520660613,0
PA4833,GCGTTGTCTATCGCGGGAGGATCATGCGTCATGT,0.527665184,0
PA1889,CTGTCATGGGGGATGGGAGAGCGCAGGCGGAGAA,0.532844552,0
PA1889,TGGGAGAGCGCAGGCGGAGAAGTCGTCCCGCGAA,0.532844552,0
PA1889,CCCGCGAAAGGCTGGGGAGGCGTGTGTCAGGGTC,0.532844552,0
PA3041,GCGGTGGACGCCACCGAGGTGTACGTCGGCGAAC,0.536049873,0
PA1112,TGGTCGCCTTGCTTTGAGGGGCGGGTTTGTTACA,0.539672534,0
PA1112,TTTTCGCTTGGGGAAGGAGAGAACGCATGCCGGG,0.539672534,0
pcrV,GTGGCTTGTTGATCTGAGGAATCACGATGGAAGT,0.544056375,0
PA2581,CTTGGGAATCCGCAAGGAGTAGATTAGGATTCTT,0.544237318,0
PA1301,CGGCGGCTTGGCCAGGGAGGCGAAGGATGAAGCC,0.544773866,0
PA1047,CCTCTGCCGCCGCGCGAGGATTCAGCCGGTTCAT,0.550674003,0
PA1047,GTTCACAAGGCCGCCGAGGGCTGGAAGAATGCCC,0.550674003,0
PA2433,CCGAACCATTCCGGCGAGGCTCCGGTCAGATACT,0.552035409,0
PA2433,AGATACTGGGCATGCGGAGAAGACTCCCAGGAGC,0.552035409,0
PA2433,CGGAGAAGACTCCCAGGAGCCTGTCGTCTCTCCC,0.552035409,0
PA2433,CACCCGGCCCACAAAGGAGAACTGCCATGATCGT,0.552035409,0
PA3891,CAGCGCGCACTGACAGGAGCCGAACATGATCGAA,0.552763186,0
treA,CCGGCGTTTGCCGAAGAGGAGACAGCCGATGCCT,0.55752581,0
PA1344,TCGGCCTGCGTCTCTGAGGCCAGGAACGGGCACG,0.558297486,0
PA1344,GTTCGTCACTCGACAGGAGACTCCCATGCAGATC,0.558297486,0
PA1545,AATTCCATTTTTCCCGGAGTGACTGGAATGTTGA,0.55865129,0
PA0624,GACCTCGGCCTGTAAGAGGAGCTCCGGACATGAC,0.56356571,0
flgI,CGCTGTGGCCGTTCTGAGGACGCTCGCGATGACC,0.567332335,0
pys2,GGGGCTTATTGACTGGGAGAGGGTTCTCTAGGTG,0.568916358,0
pys2,AGGGTTCTCTAGGTGGGAGTCGCTCAATACATTA,0.568916358,0
pdxJ,GTTCATGAACCGTAAGGAGTCACCCCGTGACTGA,0.578368056,0
fliE,AAAGCCGCGGCTGTTGGAGGAAGAGTCATGAGTC,0.58580544,0
mscL,ATTAGCGAAATACAGGGAGTGAACCCATGGGTCT,0.58642146,0
PA1606,AGCCCGCCGATCCGCGAGGCGAATAACCCGGATT,0.5877754,0
PA1606,CGCCAGTCCCATCCAGGAGTGAGTCATGTCCTTC,0.5877754,0
PA0907,AGGTGGGCCGGCCAAGGAGGGAATACCATGTTTC,0.593060245,0
PA0279,GGCAATGTTTCATCCGGAGGTGAAGCATGCAATT,0.600986679,0
PA1663,TCTGCGAGTTCGCCTGAGGTGGGTGCGATGTTCA,0.62025568,0
PA3889,CGGCCTGACCGCCAAGGAGGCCTGATGAACCGAC,0.626842353,0
PA3788,AACGCGGCGCCGGCTGAGGTCAGAAGGAACAGGG,0.628268399,0
PA3788,CCTTTCATGACCAAGGGAGACACCGCATGACTCA,0.628268399,0
PA3369,GCAAAGCTACGAAATGGAGGTGAACATGAGCAGC,0.631552684,0
exsA,GAAAATCAATAAAACGGAGCGTATTCATGCCTCT,0.633626671,0
stk1,GCCGCAGGTGGCGGTGGAGCGGCTGTTCGACGGT,0.638875363,0
pqsD,GTCTGGCAATTGGGTGAGGTGCTGGTGTGCTGAG,0.643686001,0
pqsD,AGGTGCTGGTGTGCTGAGGCATCGCCATGTTGAA,0.643686001,0
pqsD,TGAACCACGGTGTCCGAGGAGGGCTGCACATGGG,0.643686001,0
PA4142,TTTCGCAAGGGTGTCGGAGTGTCATGCAAGTATT,0.645400495,0
exsC,ATGCGCTGAGCTTTAGGAGGCGCCCCCATGGATT,0.654757712,0
flhA,CATACGCAGGGCAGGGGAGTCGAGAGTGGATCGC,0.666833184,0
fliF,CGGTCTGAGCGGCGCGAGGATAACTAGTTCATGG,0.673002223,0
PA1660,GTCGAGCGCCTGCTCGAGGGCTTTGCCTTCCTGA,0.673650222,0
pqsE,CTGTACCGCAAACCTGAGGAGGTGAACCGGCCAT,0.674662609,0
PA3888,ACGCTCATTCCGAAGGGAGTCCCGACCATGGTGA,0.675273217,0
phnB,TTCGGATCCACGGCTGGAGGCCGAGGAAACCCGC,0.676045074,0
phnB,CCACGGCTGGAGGCCGAGGAAACCCGCAACAAGG,0.676045074,0
phnB,GCCGAACGCGAAAGGGGAGAGCGCGATGCGCATC,0.676045074,0
pscB,AAAGCCGGCCCTACCGAGGAATCATGGATCATCT,0.68157843,0
PA1661,CCACGAGTTGCGGGTGAGGAGCACACAGGGAGAC,0.681671341,0
PA1661,GTGAGGAGCACACAGGGAGACGTGTACCAATGGA,0.681671341,0
PA1668,GGACATGGCCCAGCTGGAGCGCTCCGGCGGTTTC,0.683385939,0
PA1370,ATAACCTGGATGAGTGAGGTGGGTTTGTGTCGAG,0.683388772,0
PA1364,CGGCTCGGCCGCGGCGAGGCACGGCCATGACCCA,0.688905098,0
PA2148,GCGTTGCGACTGGGTGAGGAAACCTTCGACTGCG,0.693531973,0
pslN,CCTCGGCTACGAGCAGGAGCAAGCGCAGCGCGGT,0.694412936,0
PA1657,TGCCACCTCGATCTCGAGGTGGTGCTCGAATAGG,0.701857727,0
PA1657,GCCCTCAATTCTCAAGGAGAAAAAGCCATGGCCA,0.701857727,0
PA1659,GGACAAAGAGTAAGCGGAGCTTTCCATGACTGGA,0.706499227,0
PA1316,CGTGGAGGGGAAGACGAGGCATGACAGGAAGATG,0.723709962,0
PA1316,CAGCGCCCTCTCATCGGAGTACTCCATGAACCCT,0.723709962,0
PA0448,TTTCATGCCCTTGAAGAGGCGCGAGGAATCGTGA,0.723909946,0
PA0448,CCCTTGAAGAGGCGCGAGGAATCGTGACCTGGGC,0.723909946,0
PA0448,CGAAACCGGCACTCCGGAGTCCTCCATGCGACGC,0.723909946,0
PA1242,CACCCGGCGAGCGCTGGAGCAACTGGCGGGCTAG,0.726695827,0
PA2151,CGCCGCCGGCCACTCGAGGCCGGCGGAAGCCTCG,0.727329669,0
PA2151,CCGAACCCACGTCCCGGAGGAGCGCGCCTCGATG,0.727329669,0
PA1605,GCAGGGCCAGCCAGCGGAGCGGCGAACCCTGGCC,0.72888579,0
PA1605,CACTCAGGCCTATCAGGAGGAATGCCATGGCTGG,0.72888579,0
PA1200,TGGCGCGGGTGCCCTGAGGCGGGGAGGTCCGGGC,0.729686889,0
PA1200,GGTGCCCTGAGGCGGGGAGGTCCGGGCCGATGAC,0.729686889,0
lptF,GTCATGGAACTGCGTGAGGAAGGCATGCGCGATA,0.74091323,0
PA2032,GCTTTCGCTCACCCTGGAGTCCCGCTCATGACCC,0.741920175,0
PA0953,CCACTCGGTTTTGCAGAGGTGGATGGCTTCCAGT,0.743162485,0
PA0953,GTTTTCCTGACTCGAGAGGTTCCTGACATGGGGA,0.743162485,0
PA1662,CAGCTGGCTGGGCCGGGAGCGCGCCGATGGCGTG,0.743858793,0
osmE,CCCTGGAGAAGGTCTGAGGCAATCCGCCGCGATT,0.749122409,0
osmE,GGGCGAACTCTGCGCGAGGGCCTGCGTTCCAATG,0.749122409,0
osmE,ACCGCTCAACCACAAGGAGTCACAGCATGTACAA,0.749122409,0
ohrR,GTCTCGGCGAGCGCTGAGGACACCACCCGGCGGG,0.754842395,0
phuR,ACCGGCCCGACCCAAGGAGTCCCACATGCCGCTC,0.76611711,0
PA1711,TGCGACAGTGATCGCGAGGCGGTCGCTGCGGTCG,0.773117841,0
PA1711,CGCTGCGGTCGGCATGAGGGTTTGAGCGGCCCCA,0.773117841,0
PA1111,GTGGCGATGGGCGCCGAGGAATGATTCGGCGCCC,0.7755889,0
PA1111,CCAACTTAAGGAACCGGAGAGGAGACCCTCATGC,0.7755889,0
PA1111,TTAAGGAACCGGAGAGGAGACCCTCATGCAGTCA,0.7755889,0
PA0188,CGGCCGCCTGCGGGCGGAGCTGGAACTGGGCTTC,0.777913125,0
fleR,TCTTTCTGCGATTCAGGAGTAACCCCATGGCAGC,0.780456319,0
PA1666,GCCAGGACGACGATTGGAGCGAGCGTCTGTTGGC,0.784051347,0
PA4993,GCGATGACCCGACAAGGAGCCCCGTATGCCCCGT,0.788359849,0
PA4141,CATGGGAAGCCTAAAGGAGATATATGAAATGAAA,0.808213708,0
PA0848,CTGCATATTCTTCCGGGAGCCTGGCGTCGTCGGG,0.815614823,0
PA0848,CAACCCAACCTTCTAGGAGCCTCGCGATGAGCGT,0.815614823,0
PA4897,CGATCTCGTGCGACAGAGGGAATGAGAGCCCGCA,0.8384681,0
PA1665,GGCAAGTGACCGCAAGGAGCGATCTCATGGAACT,0.858949969,0
pqsC,GTTCGGCATGGTGGTGGAGGGCGTGACCCTGGAA,0.859225997,0
pqsC,ACCCTGGAACTGGCGGGAGAAGCTCATGCATAAG,0.859225997,0
PA1765,ACCGTACGACCTTCTGAGGGCTGGAGCATGATGC,0.859439332,0
PA1765,GACCTTCTGAGGGCTGGAGCATGATGCGCGCATC,0.859439332,0
PA3890,GGCCAGGCCGGCCAGGGAGGTAGCCAGTAATGGA,0.861386554,0
galE,CAGACGGGCTCGATGGGAGTTCTTACCCCTGAAA,0.885033967,0
galE,TGTACGTATCAAGGTGAGGCGAGATGCGCGTATT,0.885033967,0
PA0187,TCCTGATTTTCTTCCGGAGGAGAGCGGTCATATG,0.893926513,0
PA2166,GAATCTGATGAGACAGGAGGCCAGCAATGCTAGA,0.896764716,0
PA2751,GCACGCACACAGCAAGGAGATGGAATGTTCCGTA,0.922145692,0
pqsB,TCACGACAACCTTCCGGAGGAACGGGCATGTTGA,0.944054857,0
pqsA,ATGCATATCGCTGAAGAGGGAACGTTCTGTCATG,0.999820873,0
PA2041,GAAAAAGAAGAAATCGAGGCAAGCATACCCATGT,1.004154022,1
PA0921,TGTCCGACCATTTCCGAGGGGGGAAGGGTGACGA,1.004640548,1
PA2381,TATCTCGCCGGAACCGAGGGTTCCTTTGTCCACC,1.252157974,1
PA2381,ACCGAGAAAGCAAGCGGAGGCACCCATGAACCAC,1.252157974,1
PA3371,AACAGCGAGCCCGACGGAGAGGGCTCCGGGAGTG,1.265565077,1
PA3371,ACGGAGAGGGCTCCGGGAGTGAAACCATGTCACG,1.265565077,1
PA2422,TGCCCTCTATTTTCTGAGGGCAAAAAAGACGCGG,1.497156356,1
PA2422,AAACCAGCTTATGAAGGAGCTGACCCATGGCTAA,1.497156356,1
PA0142,TGGCTCTCATCAACCGAGGGCCGGCAGCGTTCGC,1.605378903,1
